book_title,word_count,sentence_count,phrase_count_per_sentence,average_word_len,average_sentence_len,average_syllable_count,polysyll_count,consonant_cluster_density,v_density,cv_density,vc_density,cvc_density,vcc_density,cvcc_density,ccvc_density,ccv_density,ccvcc_density,ccvccc_density,tag_bigram_sim,bik_bigram_sim,ceb_bigram_sim,hil_bigram_sim,rin_bigram_sim,min_bigram_sim,kar_bigram_sim,tag_trigram_sim,bik_trigram_sim,ceb_trigam_sim,hil_trigam_sim,rin_trigam_sim,min_trigam_sim,kar_trigam_sim,grade_level
Aaloo-Maaloo-Kaaloo___Central_Bikol,174,22,1.857142857,5.022988506,7.909090909,2.224137931,3,0.367816092,2.224137931,1.827586207,1.494252874,0.850574713,0.275862069,0.247126437,0.109195402,0.229885057,0.034482759,0.005747126,0.720289855,0.726086957,0.726086957,0.736231884,0.708695652,0.71884058,0.707246377,0.725296443,0.68972332,0.654150198,0.638339921,0.638339921,0.693675889,0.632411067,1
Ang_Ladybird___Central_Bikol,148,16,1.142857143,4.635135135,9.25,1.912162162,1,0.506756757,1.912162162,1.655405405,1.398648649,0.844594595,0.452702703,0.351351351,0.209459459,0.351351351,0.101351351,0,0.677298311,0.673545966,0.639774859,0.656660413,0.682926829,0.656660413,0.666041276,0.568421053,0.607894737,0.507894737,0.518421053,0.55,0.542105263,0.531578947,1
Ang_Pag-arog_ni_Toto_sa_saiyang_Lolo___Central_Bikol-v12022.08.25T085616,108,15,0,4.564814815,7.2,2.009259259,0,0.268518519,2.009259259,1.805555556,1.314814815,0.861111111,0.240740741,0.194444444,0.12037037,0.175925926,0,0,0.59375,0.546875,0.606770833,0.643229167,0.666666667,0.596354167,0.578125,0.516363636,0.6,0.501818182,0.48,0.614545455,0.534545455,0.501818182,1
Ang_Samuyang_Baka_na_Si_Pedro___Central_Bikol,79,12,1.083333333,4.696202532,6.583333333,1.974683544,3,0.506329114,1.974683544,1.797468354,1.303797468,0.886075949,0.430379747,0.367088608,0.17721519,0.430379747,0.025316456,0.012658228,0.602076125,0.647058824,0.584775087,0.570934256,0.60899654,0.612456747,0.591695502,0.531400966,0.594202899,0.468599034,0.483091787,0.599033816,0.52173913,0.468599034,1
Ano_ang_makangangalas_na_ginibo_ni_Ameena____Central_Bikol,101,23,1.2,4.623762376,4.391304348,2.099009901,4,0.415841584,2.099009901,1.623762376,1.306930693,0.633663366,0.366336634,0.217821782,0.158415842,0.297029703,0.079207921,0.00990099,0.631868132,0.637362637,0.645604396,0.631868132,0.637362637,0.645604396,0.626373626,0.578544061,0.61302682,0.555555556,0.486590038,0.551724138,0.555555556,0.544061303,1
Ano_ta_Dai_Nagtatalubo____Central_Bikol,181,15,2.818181818,4.817679558,12.06666667,1.994475138,1,0.342541436,1.994475138,1.73480663,1.44198895,0.906077348,0.309392265,0.254143646,0.154696133,0.226519337,0.049723757,0.022099448,0.604105572,0.618768328,0.590909091,0.624633431,0.620234604,0.626099707,0.601173021,0.581300813,0.678861789,0.544715447,0.577235772,0.62398374,0.603658537,0.544715447,1
An_Awit_nin_Duri-duri___Central_Bikol,240,67,1.619047619,5.079166667,3.582089552,2.158333333,11,0.479166667,2.158333333,1.720833333,1.454166667,0.8625,0.3375,0.216666667,0.2,0.3375,0.05,0.020833333,0.554140127,0.561571125,0.557324841,0.543524416,0.588110403,0.554140127,0.562632696,0.508270677,0.535338346,0.45112782,0.461654135,0.523308271,0.508270677,0.479699248,1
An_Bubuyog_asin_an_Elepante___Central_Bikol,90,18,1.416666667,4.555555556,5,1.9,0,0.4,1.9,1.633333333,1.433333333,0.777777778,0.344444444,0.288888889,0.066666667,0.133333333,0.011111111,0,0.65,0.66875,0.65,0.6125,0.603125,0.65,0.634375,0.543478261,0.67826087,0.586956522,0.543478261,0.595652174,0.556521739,0.569565217,1
An_Ikus_asin_Ayam__Nyain_an_Ikus_____Central_Bikol,245,37,1.323529412,4.489795918,6.621621622,1.853061224,0,0.289795918,1.853061224,1.395918367,1.587755102,0.86122449,0.257142857,0.224489796,0.093877551,0.163265306,0.024489796,0.016326531,0.686460808,0.699524941,0.688836105,0.657957245,0.64608076,0.687648456,0.705463183,0.672945205,0.77739726,0.589041096,0.566780822,0.616438356,0.640410959,0.613013699,1
An_Kawat_ni_Mona_buda_Milo___Central_Bikol,74,11,1.166666667,4.662162162,6.727272727,1.959459459,0,0.513513514,1.959459459,1.72972973,1.351351351,1,0.391891892,0.351351351,0.202702703,0.364864865,0.135135135,0.013513514,0.674074074,0.692592593,0.644444444,0.651851852,0.674074074,0.681481481,0.659259259,0.676923077,0.738461538,0.528205128,0.456410256,0.651282051,0.512820513,0.553846154,1
An_Koneho_asin_Ayam___Central_Bikol-v12022.08.26T022028,198,22,1.363636364,4.803030303,9,2.070707071,4,0.419191919,2.070707071,1.646464646,1.565656566,0.868686869,0.343434343,0.237373737,0.186868687,0.287878788,0.045454545,0.01010101,0.626826029,0.614873838,0.602921647,0.616201859,0.613545817,0.626826029,0.62815405,0.520720721,0.592792793,0.497297297,0.522522523,0.538738739,0.547747748,0.52972973,1
An_Lion_Nagdadalagan_asin_an_Baka_Naglalakaw___Central_Bikol,46,11,1.6,5.760869565,4.181818182,2.195652174,4,0.695652174,2.195652174,1.695652174,1.891304348,1.086956522,0.630434783,0.5,0.391304348,0.434782609,0.065217391,0.043478261,0.613207547,0.608490566,0.636792453,0.617924528,0.603773585,0.617924528,0.646226415,0.596273292,0.745341615,0.565217391,0.627329193,0.726708075,0.689440994,0.652173913,1
An_Magayunun_na_Aldaw___Central_Bikol,191,27,1.541666667,4.162303665,7.074074074,1.842931937,3,0.256544503,1.842931937,1.581151832,1.240837696,0.743455497,0.214659686,0.157068063,0.120418848,0.188481675,0.02617801,0,0.679933665,0.68159204,0.666666667,0.64344942,0.665008292,0.655058043,0.645107794,0.571776156,0.647201946,0.557177616,0.442822384,0.591240876,0.591240876,0.554744526,1
An_Magbarkadang_Kasag_asin_Sira___Central_Bikol,268,17,1.823529412,4.873134328,15.76470588,1.932835821,8,0.619402985,1.932835821,1.5,1.5,0.876865672,0.473880597,0.302238806,0.257462687,0.384328358,0.119402985,0.026119403,0.518339768,0.511583012,0.483590734,0.532818533,0.535714286,0.527992278,0.549227799,0.4473342,0.5526658,0.44603381,0.511053316,0.566970091,0.55136541,0.548764629,1
An_Mahamis_na_Mansanas___Central_Bikol,165,22,1.888888889,4.793939394,7.5,1.987878788,0,0.393939394,1.987878788,1.690909091,1.484848485,0.878787879,0.363636364,0.296969697,0.163636364,0.260606061,0.054545455,0.018181818,0.682333874,0.6726094,0.662884927,0.6726094,0.656401945,0.677471637,0.661264182,0.577878104,0.661399549,0.534988713,0.573363431,0.618510158,0.613995485,0.618510158,1
An_Makaraw_na_Millipede___Central_Bikol,149,13,1.307692308,5.751677852,11.46153846,2.288590604,9,0.66442953,2.288590604,1.852348993,1.812080537,1.053691275,0.55704698,0.422818792,0.348993289,0.463087248,0.120805369,0.013422819,0.533910534,0.515151515,0.507936508,0.52958153,0.515151515,0.523809524,0.519480519,0.459662289,0.527204503,0.433395872,0.514071295,0.542213884,0.532833021,0.527204503,1
An_Nawawarang_Aking_Pato___Central_Bikol,96,14,1.230769231,5.1875,6.857142857,2.1875,4,0.40625,2.1875,1.875,1.760416667,1.010416667,0.34375,0.3125,0.135416667,0.177083333,0.010416667,0,0.75,0.71,0.7225,0.735,0.6825,0.735,0.7175,0.69205298,0.778145695,0.665562914,0.665562914,0.705298013,0.754966887,0.688741722,1
An_Paglinig_sa_Hawak___Central_Bikol,239,25,1.16,4.815899582,9.56,2.050209205,6,0.439330544,2.050209205,1.531380753,1.489539749,0.761506276,0.380753138,0.292887029,0.171548117,0.255230126,0.071129707,0.020920502,0.625971143,0.632630411,0.603773585,0.619311876,0.647058824,0.637069922,0.61154273,0.544342508,0.597859327,0.516819572,0.584097859,0.602446483,0.623853211,0.594801223,1
AN_SADIT_NA_BITOON_NI_ALI___Central_Bikol,155,17,1.176470588,4.470967742,9.117647059,1.909677419,2,0.290322581,1.909677419,1.677419355,1.251612903,0.780645161,0.258064516,0.225806452,0.096774194,0.167741935,0.025806452,0.012903226,0.713207547,0.7,0.709433962,0.701886792,0.716981132,0.724528302,0.690566038,0.664850136,0.741144414,0.596730245,0.57493188,0.689373297,0.602179837,0.585831063,1
An_Sadit_na_Siyo_saka_an_Pato-pato___Central_Bikol-v12022.08.11T021900,500,34,1.363636364,5.27,14.70588235,2.15,26,0.582,2.15,1.894,1.644,1.014,0.464,0.348,0.266,0.424,0.094,0.01,0.628477133,0.612446959,0.615747289,0.632248939,0.622347949,0.642621405,0.636963696,0.537888199,0.61863354,0.495652174,0.521118012,0.620496894,0.622981366,0.567701863,1
An_Sadit_na_Ukay_Saka_An_Sira___Central_Bikol,117,15,1.454545455,4.41025641,7.8,1.863247863,2,0.358974359,1.863247863,1.555555556,1.367521368,0.794871795,0.264957265,0.213675214,0.136752137,0.273504274,0.017094017,0,0.655778894,0.693467337,0.663316583,0.650753769,0.67839196,0.685929648,0.675879397,0.628571429,0.746428571,0.560714286,0.528571429,0.653571429,0.635714286,0.542857143,1
An_sakong_Lawas___Central_Bikol,241,22,1.272727273,5.170124481,10.95454545,2.082987552,14,0.539419087,2.082987552,1.771784232,1.639004149,0.850622407,0.414937759,0.352697095,0.195020747,0.315352697,0.033195021,0.01659751,0.732052578,0.731041456,0.724974722,0.725985844,0.730030334,0.739130435,0.724974722,0.701227831,0.739427012,0.714870396,0.716234652,0.748976808,0.769440655,0.718963165,1
An_Sakong_mga_Tanum_na_Kaunon___Central_Bikol,380,41,1.1875,5.042105263,9.268292683,2.086842105,15,0.484210526,2.086842105,1.710526316,1.571052632,0.863157895,0.360526316,0.271052632,0.207894737,0.305263158,0.065789474,0.015789474,0.616194865,0.610928242,0.603028308,0.605661619,0.599736669,0.619486504,0.605003292,0.552888889,0.619555556,0.531555556,0.564444444,0.605333333,0.615111111,0.595555556,1
An_Samuyang_Pamilya___Central_Bikol-v12022.08.11T022308,136,13,1.272727273,5.397058824,10.46153846,2.125,6,0.691176471,2.125,1.757352941,1.727941176,0.985294118,0.522058824,0.382352941,0.294117647,0.404411765,0.080882353,0.007352941,0.535117057,0.505016722,0.506688963,0.555183946,0.515050167,0.546822742,0.56187291,0.44612069,0.629310345,0.463362069,0.573275862,0.663793103,0.668103448,0.676724138,1
An_Sarung_Dakulang_Keyk___Central_Bikol,88,12,1.307692308,4.477272727,7.333333333,1.795454545,0,0.318181818,1.795454545,1.670454545,1.329545455,0.875,0.306818182,0.284090909,0.034090909,0.056818182,0.011363636,0,0.650165017,0.656765677,0.603960396,0.660066007,0.686468647,0.656765677,0.627062706,0.537735849,0.679245283,0.556603774,0.481132075,0.622641509,0.556603774,0.566037736,1
An_Tulong_Saradit_na_Kuting___Central_Bikol,119,25,1.066666667,5.478991597,4.76,2.134453782,2,0.521008403,2.134453782,1.915966387,1.831932773,1.12605042,0.495798319,0.43697479,0.193277311,0.243697479,0.058823529,0.033613445,0.716190476,0.767619048,0.700952381,0.742857143,0.8,0.758095238,0.761904762,0.706030151,0.834170854,0.628140704,0.590452261,0.766331658,0.690954774,0.695979899,1
An_Turtle_Dove___Central_Bikol,56,8,1.111111111,5.178571429,7,2.071428571,5,0.428571429,2.071428571,1.946428571,1.267857143,0.964285714,0.375,0.339285714,0.142857143,0.321428571,0.035714286,0.017857143,0.436681223,0.462882096,0.449781659,0.423580786,0.427947598,0.441048035,0.436681223,0.452380952,0.595238095,0.470238095,0.482142857,0.571428571,0.529761905,0.470238095,1
An_Tánga_saka_an_Tinapay___Central_Bikol-v12022.08.11T023654,415,28,1.76,5.257831325,14.82142857,2.106024096,15,0.640963855,2.106024096,1.790361446,1.595180723,0.961445783,0.465060241,0.354216867,0.286746988,0.486746988,0.101204819,0.026506024,0.560433295,0.564424173,0.533067275,0.561003421,0.556442417,0.559293044,0.566704675,0.455497382,0.523560209,0.429319372,0.468212416,0.550486163,0.555721765,0.516080778,1
An_Ulod_na_Nakaistar_sa_Samuyang_Hardin___Central_Bikol,241,27,1.136363636,5.518672199,8.925925926,2.178423237,14,0.65560166,2.178423237,1.721991701,1.692946058,0.991701245,0.526970954,0.360995851,0.32780083,0.456431535,0.124481328,0.029045643,0.550982226,0.550982226,0.527595884,0.560336763,0.55940131,0.556594949,0.557530402,0.469135802,0.57654321,0.439506173,0.512345679,0.579012346,0.590123457,0.566666667,1
Baka_Na_May_Sarong_Sungay___Central_Bikol,17,1,2,5.352941176,17,2.235294118,2,0.588235294,2.235294118,1.882352941,1.764705882,1.117647059,0.529411765,0.470588235,0.176470588,0.235294118,0,0,0.726027397,0.767123288,0.739726027,0.739726027,0.780821918,0.753424658,0.726027397,0.709090909,0.763636364,0.709090909,0.618181818,0.763636364,0.618181818,0.563636364,1
Chichi__Munu__Maliputon!___Central_Bikol,211,32,1.555555556,4.421800948,6.59375,1.853080569,0,0.374407583,1.853080569,1.6492891,1.265402844,0.815165877,0.28436019,0.265402844,0.132701422,0.241706161,0.052132701,0.004739336,0.681502086,0.634214186,0.668984701,0.634214186,0.586926287,0.664812239,0.657858136,0.617821782,0.603960396,0.558415842,0.508910891,0.508910891,0.59009901,0.522772277,1
Dae_Ako_Takot_sa_Uran___Central_Bikol,201,13,1.615384615,4.7960199,15.46153846,1.980099502,8,0.567164179,1.980099502,1.457711443,1.422885572,0.766169154,0.388059701,0.248756219,0.248756219,0.388059701,0.089552239,0.039800995,0.392105263,0.397368421,0.371052632,0.426315789,0.397368421,0.421052632,0.435526316,0.357913669,0.467625899,0.350719424,0.474820144,0.467625899,0.489208633,0.482014388,1
Dakulaon_Sadiyuton___Central_Bikol,200,29,1.857142857,4.7,6.896551724,2.005,1,0.31,2.005,1.825,1.315,0.785,0.25,0.18,0.15,0.21,0.015,0,0.659340659,0.652472527,0.626373626,0.662087912,0.674450549,0.671703297,0.653846154,0.519379845,0.67248062,0.48255814,0.523255814,0.608527132,0.639534884,0.505813953,1
Gusto_ni_Nin_na_Masanlian___Central_Bikol,261,36,1.576923077,4.869731801,7.25,2.111111111,0,0.37164751,2.111111111,1.869731801,1.536398467,0.9348659,0.329501916,0.302681992,0.172413793,0.275862069,0.01532567,0,0.690168818,0.682224429,0.662363456,0.692154916,0.680238332,0.67428004,0.65938431,0.64064603,0.6756393,0.617765814,0.562584118,0.65141319,0.606998654,0.589502019,1
Hain_si_Bonta____Central_Bikol-v12022.08.11T090810,173,23,1.75,4.849710983,7.52173913,1.953757225,5,0.630057803,1.953757225,1.537572254,1.410404624,0.803468208,0.49132948,0.341040462,0.219653179,0.416184971,0.075144509,0.005780347,0.477477477,0.471471471,0.451951952,0.495495495,0.477477477,0.487987988,0.51951952,0.365656566,0.543434343,0.367676768,0.509090909,0.571717172,0.551515152,0.565656566,1
Hardin_nin_Burak____Central_Bikol,245,15,1.8125,5.106122449,16.33333333,2.004081633,4,0.502040816,2.004081633,1.640816327,1.506122449,0.865306122,0.448979592,0.371428571,0.232653061,0.32244898,0.085714286,0.040816327,0.547208122,0.553299492,0.544162437,0.54213198,0.570558376,0.56751269,0.551269036,0.502068966,0.595862069,0.464827586,0.543448276,0.584827586,0.55862069,0.547586207,1
Ini_an_sakuyang_Hawak___Central_Bikol-v12022.08.26T013856,227,40,0,4.86784141,5.675,2.008810573,3,0.572687225,2.008810573,1.625550661,1.528634361,0.828193833,0.519823789,0.339207048,0.127753304,0.242290749,0.022026432,0.004405286,0.650285714,0.653714286,0.609142857,0.608,0.622857143,0.633142857,0.642285714,0.559689922,0.655813953,0.565891473,0.55503876,0.643410853,0.635658915,0.60620155,1
Insekto_sa_Sakong_Lugar___Central_Bikol,164,13,1.214285714,5.420731707,12.61538462,2.079268293,8,0.713414634,2.079268293,1.701219512,1.548780488,0.902439024,0.579268293,0.396341463,0.31097561,0.469512195,0.146341463,0.036585366,0.529745042,0.536827195,0.516997167,0.533994334,0.535410765,0.532577904,0.543909348,0.457142857,0.571428571,0.436190476,0.531428571,0.546666667,0.579047619,0.558095238,1
Ipahiling_asin_Iistorya___Central_Bikol,438,47,1.846153846,4.614155251,9.319148936,2.047945205,12,0.353881279,2.047945205,1.787671233,1.321917808,0.826484018,0.283105023,0.216894977,0.150684932,0.273972603,0.052511416,0,0.66581795,0.663271801,0.66581795,0.671546785,0.670273711,0.67281986,0.647994908,0.62176628,0.644959857,0.602140946,0.533452275,0.610169492,0.642283675,0.566458519,1
Iskedyul_ni_Momo___Central_Bikol,103,12,2,4.650485437,8.583333333,2.009708738,2,0.330097087,2.009708738,1.689320388,1.436893204,0.912621359,0.291262136,0.213592233,0.174757282,0.281553398,0.048543689,0.009708738,0.626702997,0.621253406,0.613079019,0.615803815,0.583106267,0.697547684,0.607629428,0.560784314,0.584313725,0.584313725,0.478431373,0.560784314,0.584313725,0.533333333,1
Kolor___Central_Bikol,74,10,1.875,4.635135135,7.4,1.581081081,0,0.567567568,1.581081081,1.22972973,1.283783784,0.689189189,0.27027027,0.27027027,0.135135135,0.310810811,0.094594595,0,0.518796992,0.511278195,0.526315789,0.545112782,0.526315789,0.511278195,0.477443609,0.439153439,0.698412698,0.333333333,0.481481481,0.724867725,0.523809524,0.571428571,1
Kun_Harayo_si_Mama___Central_Bikol,375,46,1.103448276,5.053333333,8.152173913,1.842666667,16,0.602666667,1.842666667,1.514666667,1.389333333,0.813333333,0.397333333,0.301333333,0.216,0.312,0.069333333,0.018666667,0.560666667,0.554,0.548,0.560666667,0.554,0.572666667,0.565333333,0.494584838,0.638086643,0.475631769,0.587545126,0.640794224,0.642599278,0.629061372,1
Kurong_asin_Tanos___Central_Bikol,106,15,1.090909091,4.462264151,7.066666667,1.679245283,1,0.481132075,1.679245283,1.556603774,1.141509434,0.745283019,0.377358491,0.349056604,0.094339623,0.339622642,0.047169811,0.018867925,0.523809524,0.540616246,0.568627451,0.518207283,0.551820728,0.523809524,0.529411765,0.58436214,0.679012346,0.559670782,0.633744856,0.674897119,0.62962963,0.62962963,1
Magagayon_na_Hayop_sa_Tubig___Central_Bikol-v12022.08.26T024250,181,19,1.315789474,5.005524862,9.526315789,1.966850829,8,0.762430939,1.966850829,1.497237569,1.464088398,0.790055249,0.574585635,0.314917127,0.298342541,0.458563536,0.171270718,0.022099448,0.458563536,0.44198895,0.406077348,0.472375691,0.440607735,0.444751381,0.477900552,0.362799263,0.495395948,0.355432781,0.429097606,0.489871087,0.489871087,0.464088398,1
Magbilang_Kita_nin_Bitis___Bikol_Central-v12022.08.11T095957,142,12,1.25,4.873239437,11.83333333,1.950704225,7,0.528169014,1.950704225,1.478873239,1.612676056,0.85915493,0.38028169,0.232394366,0.225352113,0.338028169,0.063380282,0.007042254,0.489981785,0.468123862,0.398907104,0.486338798,0.480874317,0.468123862,0.50273224,0.316176471,0.463235294,0.318627451,0.458333333,0.544117647,0.534313725,0.56372549,1
Magbilang_nin_Sabay___Central_Bikol-v12022.08.25T061128,261,18,1.235294118,4.498084291,14.5,1.988505747,5,0.352490421,1.988505747,1.555555556,1.340996169,0.712643678,0.318007663,0.218390805,0.149425287,0.214559387,0.026819923,0.007662835,0.615384615,0.61978022,0.623076923,0.624175824,0.621978022,0.641758242,0.617582418,0.598765432,0.598765432,0.544753086,0.518518519,0.566358025,0.535493827,0.515432099,1
Magbirilang_Kita!___Bikol_Central-v12022.08.11T100425,109,4,2,5.357798165,27.25,2.091743119,5,0.733944954,2.091743119,1.623853211,1.697247706,0.908256881,0.541284404,0.376146789,0.293577982,0.412844037,0.091743119,0.009174312,0.415611814,0.394514768,0.369198312,0.44092827,0.415611814,0.41350211,0.449367089,0.31147541,0.505464481,0.352459016,0.5,0.609289617,0.579234973,0.617486339,1
Magtarabangan_Kita___Central_Bikol,123,9,1.444444444,4.837398374,13.66666667,1.959349593,1,0.455284553,1.959349593,1.829268293,1.487804878,1.016260163,0.422764228,0.37398374,0.211382114,0.349593496,0.040650407,0,0.695931478,0.721627409,0.680942184,0.676659529,0.721627409,0.689507495,0.683083512,0.634218289,0.672566372,0.637168142,0.592920354,0.663716814,0.634218289,0.613569322,1
Mga_Kagamitan_Para_aa_Pag-uma___Central_Bikol,122,9,1.2,4.467213115,13.55555556,1.967213115,0,0.147540984,1.967213115,1.762295082,1.483606557,0.893442623,0.081967213,0.073770492,0.098360656,0.131147541,0.008196721,0,0.827751196,0.80861244,0.791866029,0.803827751,0.784688995,0.818181818,0.803827751,0.786941581,0.76975945,0.766323024,0.718213058,0.762886598,0.776632302,0.70790378,1
Mga_Kulay_nin_Kinaban!___Central_Bikol-v12022.08.26T020850,204,17,0,4.93627451,12,2.078431373,4,0.397058824,2.078431373,1.897058824,1.593137255,0.970588235,0.362745098,0.333333333,0.147058824,0.196078431,0.053921569,0,0.773067332,0.708229426,0.750623441,0.743142145,0.693266833,0.756857855,0.733167082,0.738693467,0.743718593,0.686767169,0.663316583,0.644891122,0.683417085,0.691792295,1
Naaraman_Ko___Central_Bikol,59,12,1.083333333,5.711864407,4.916666667,2.406779661,1,0.576271186,2.406779661,2,1.881355932,1.06779661,0.491525424,0.423728814,0.254237288,0.338983051,0.06779661,0.016949153,0.701438849,0.708633094,0.68705036,0.683453237,0.701438849,0.694244604,0.697841727,0.680365297,0.744292237,0.712328767,0.643835616,0.662100457,0.680365297,0.689497717,1
Nagkakarantang_Bayong_ni_Bounthy___Central_Bikol-v12022.08.26T013423,196,18,1.5625,5.198979592,10.88888889,2.12244898,5,0.617346939,2.12244898,1.801020408,1.505102041,0.841836735,0.566326531,0.392857143,0.168367347,0.295918367,0.025510204,0,0.729498164,0.738066095,0.729498164,0.730722154,0.718482252,0.731946144,0.746634027,0.697560976,0.785365854,0.697560976,0.66504065,0.720325203,0.700813008,0.67804878,1
Naglalakaw-lakaw_sa_Hardin____Central_Bikol,145,18,2.142857143,4.565517241,8.055555556,1.937931034,2,0.455172414,1.937931034,1.655172414,1.317241379,0.806896552,0.337931034,0.337931034,0.137931034,0.262068966,0.062068966,0,0.701171875,0.650390625,0.69140625,0.6484375,0.607421875,0.6796875,0.6484375,0.657458564,0.690607735,0.582872928,0.593922652,0.61878453,0.635359116,0.654696133,1
Oras_na_para_Magkarigos_Bonoy_asin_Noboy___Central_Bikol,227,47,1.25,4.224669604,4.829787234,1.797356828,2,0.158590308,1.797356828,1.581497797,1.405286344,0.832599119,0.127753304,0.114537445,0.088105727,0.127753304,0.013215859,0,0.586065574,0.580601093,0.56147541,0.568306011,0.553278689,0.566939891,0.579234973,0.566336634,0.520792079,0.518811881,0.451485149,0.548514851,0.506930693,0.467326733,1
Paduman_sa_eskwelahan___Central_Bikol,147,20,1.05,5.142857143,7.35,2.108843537,1,0.619047619,2.108843537,1.816326531,1.585034014,1,0.591836735,0.428571429,0.244897959,0.421768707,0.129251701,0,0.64344942,0.616915423,0.590381426,0.621890547,0.620232172,0.628524046,0.655058043,0.617777778,0.624444444,0.508888889,0.544444444,0.617777778,0.577777778,0.611111111,1
Pagtabang_sa_Gamgam___Central_Bikol,149,18,1.578947368,4.932885906,8.277777778,2.087248322,6,0.429530201,2.087248322,1.711409396,1.590604027,0.919463087,0.362416107,0.281879195,0.208053691,0.255033557,0.046979866,0,0.659208262,0.698795181,0.678141136,0.664371773,0.669535284,0.679862306,0.65232358,0.585480094,0.690866511,0.585480094,0.590163934,0.662763466,0.639344262,0.632318501,1
Pano_Nakua_kan_mga_Insekto_an_Saindang_Kolor____Central_Bikol,342,31,1.62962963,4.795321637,11.03225806,1.961988304,14,0.505847953,1.961988304,1.593567251,1.441520468,0.830409357,0.400584795,0.304093567,0.192982456,0.321637427,0.070175439,0.005847953,0.590661479,0.575875486,0.575875486,0.592217899,0.603891051,0.585214008,0.582101167,0.522945571,0.617929562,0.495197439,0.556029883,0.623265742,0.597652081,0.588046958,1
Sarong_Aldaw_sa_Karnibal___Central_Bikol,179,32,1.260869565,5.43575419,5.59375,2.067039106,5,0.497206704,2.067039106,1.905027933,1.525139665,0.994413408,0.452513966,0.374301676,0.17877095,0.268156425,0.039106145,0.011173184,0.584980237,0.628458498,0.598155468,0.613965744,0.63372859,0.625823452,0.619235837,0.574311927,0.752293578,0.493577982,0.55412844,0.72293578,0.640366972,0.651376147,1
Siisay_an_Aking_Iyan____Central_Bikol,92,25,0,4.326086957,3.68,1.77173913,3,0.315217391,1.77173913,1.315217391,1.402173913,0.739130435,0.25,0.25,0.076086957,0.130434783,0,0,0.700996678,0.677740864,0.674418605,0.634551495,0.664451827,0.661129568,0.681063123,0.648780488,0.702439024,0.624390244,0.634146341,0.702439024,0.682926829,0.653658537,1
Siisay_an_Matabang_Sako____Central_Bikol-v12022.08.09T030145,161,17,1.461538462,4.906832298,9.470588235,2,6,0.559006211,2,1.627329193,1.527950311,0.857142857,0.397515528,0.273291925,0.223602484,0.372670807,0.074534161,0.00621118,0.50477707,0.503184713,0.48089172,0.531847134,0.527070064,0.517515924,0.544585987,0.397435897,0.561965812,0.425213675,0.538461538,0.643162393,0.628205128,0.632478632,1
Si_Goma_Daw_Ito____Central_Bikol,71,18,0,3.746478873,3.944444444,1.76056338,0,0.183098592,1.76056338,1.366197183,1.098591549,0.591549296,0.169014085,0.056338028,0.042253521,0.070422535,0.014084507,0,0.712820513,0.635897436,0.676923077,0.625641026,0.625641026,0.646153846,0.661538462,0.540322581,0.60483871,0.483870968,0.387096774,0.491935484,0.475806452,0.443548387,1
Si_Navy_saka_si_Bora___Bikol_Central-v12022.08.09T032658,126,12,1.25,5.119047619,10.5,2.031746032,9,0.650793651,2.031746032,1.619047619,1.563492063,0.865079365,0.476190476,0.293650794,0.253968254,0.373015873,0.095238095,0.023809524,0.445086705,0.433526012,0.398843931,0.470134875,0.447013487,0.460500963,0.485549133,0.321518987,0.501265823,0.346835443,0.475949367,0.592405063,0.589873418,0.584810127,1
Si_Putu_asin_Gutu___Central_Bikol,95,25,0,5.284210526,3.8,2.073684211,1,0.473684211,2.073684211,2,1.505263158,1.094736842,0.452631579,0.357894737,0.189473684,0.315789474,0.115789474,0,0.541561713,0.516372796,0.501259446,0.526448363,0.561712846,0.534005038,0.511335013,0.602739726,0.664383562,0.544520548,0.510273973,0.619863014,0.571917808,0.534246575,1
Si_Tata_saka_si_Toto___Central_Bikol-v12022.08.09T032212,319,38,1.535714286,4.89968652,8.394736842,2.097178683,14,0.423197492,2.097178683,1.721003135,1.542319749,0.87460815,0.335423197,0.219435737,0.194357367,0.294670846,0.056426332,0.003134796,0.558514931,0.537530266,0.513317191,0.574656981,0.564971751,0.563357546,0.572235674,0.461873638,0.566448802,0.459694989,0.518518519,0.582788671,0.605664488,0.616557734,1
Tabangan_an_Ina___Central_Bikol,263,16,1.5,4.756653992,16.4375,1.969581749,6,0.532319392,1.969581749,1.574144487,1.414448669,0.840304183,0.456273764,0.33460076,0.25095057,0.349809886,0.072243346,0.011406844,0.6,0.620512821,0.596923077,0.596923077,0.617435897,0.61025641,0.61025641,0.545584046,0.615384615,0.5,0.521367521,0.615384615,0.572649573,0.564102564,1
Trabaho___Central_Bikol,137,22,0,4.802919708,6.227272727,1.97080292,2,0.430656934,1.97080292,1.759124088,1.423357664,0.934306569,0.372262774,0.343065693,0.109489051,0.167883212,0.02919708,0.01459854,0.73715415,0.735177866,0.705533597,0.71541502,0.703557312,0.721343874,0.733201581,0.717514124,0.742937853,0.737288136,0.703389831,0.774011299,0.740112994,0.728813559,1
Ukay_asin_Batag___Central_Bikol,231,23,1.736842105,4.74025974,10.04347826,2.012987013,3,0.41991342,2.012987013,1.722943723,1.502164502,0.861471861,0.346320346,0.277056277,0.155844156,0.29004329,0.017316017,0,0.72337963,0.726851852,0.707175926,0.71412037,0.702546296,0.734953704,0.699074074,0.714060032,0.77093207,0.6492891,0.625592417,0.647709321,0.687203791,0.609794629,1
Uya_na_si_Buboy!___Central_Bikol,91,23,2.2,4.747252747,3.956521739,1.978021978,0,0.285714286,1.978021978,1.78021978,1.428571429,0.879120879,0.197802198,0.197802198,0.087912088,0.175824176,0,0,0.543026706,0.566765579,0.543026706,0.528189911,0.516320475,0.540059347,0.525222552,0.520661157,0.590909091,0.504132231,0.541322314,0.508264463,0.508264463,0.504132231,1
Aninipot___Central_Bikol-v12022.08.11T033204,430,66,1.541666667,5.288372093,6.515151515,2.148837209,14,0.651162791,2.148837209,1.774418605,1.641860465,0.958139535,0.497674419,0.372093023,0.262790698,0.472093023,0.086046512,0.020930233,0.49103748,0.510048886,0.4839761,0.520912548,0.511678436,0.515480717,0.536664856,0.375088464,0.511677282,0.369426752,0.467799009,0.537154989,0.513800425,0.561217268,2
An_Blokeng_may_Madyik___Central_Bikol-v12022.08.10T005241,511,70,1.707317073,4.714285714,7.3,1.949119374,13,0.487279843,1.949119374,1.602739726,1.483365949,0.861056751,0.336594912,0.268101761,0.227005871,0.356164384,0.054794521,0.003913894,0.539640592,0.543340381,0.522727273,0.549682875,0.551268499,0.546511628,0.543868922,0.445329471,0.526430123,0.42795076,0.435916003,0.528602462,0.491672701,0.47429399,2
An_Lugar_kan_mga_Rosas___Central_Bikol-v12022.08.10T031456,692,47,1.452380952,4.911849711,14.72340426,2.028901734,25,0.528901734,2.028901734,1.719653179,1.510115607,0.869942197,0.382947977,0.312138728,0.190751445,0.384393064,0.050578035,0.001445087,0.634272997,0.666172107,0.62462908,0.642804154,0.642804154,0.643175074,0.651335312,0.584168337,0.658316633,0.557114228,0.573647295,0.645290581,0.645290581,0.619238477,2
An_Makangangalas_na_mga_Makina_ni_Ammachi___Central_Bikol-v12022.08.11T001629,287,60,1.615384615,4.958188153,4.783333333,2.045296167,10,0.567944251,2.045296167,1.658536585,1.463414634,0.832752613,0.407665505,0.285714286,0.25087108,0.421602787,0.104529617,0.006968641,0.474381625,0.469081272,0.461130742,0.48409894,0.462014134,0.481448763,0.5,0.361374408,0.450236967,0.342417062,0.395734597,0.505924171,0.46563981,0.451421801,2
An_Sakong_Kapamilya___Central_Bikol,222,31,1.37037037,4.545045045,7.161290323,1.855855856,0,0.378378378,1.855855856,1.545045045,1.364864865,0.72972973,0.355855856,0.292792793,0.135135135,0.18018018,0.040540541,0.018018018,0.724806202,0.718346253,0.718346253,0.722222222,0.713178295,0.733850129,0.702842377,0.577777778,0.724074074,0.57962963,0.642592593,0.624074074,0.712962963,0.677777778,2
An_sakuyang_Ugos_na_Amiga___Central_Bikol,114,15,1.533333333,4.921052632,7.6,2.210526316,4,0.333333333,2.210526316,1.877192982,1.561403509,0.947368421,0.289473684,0.210526316,0.105263158,0.201754386,0.026315789,0,0.70917226,0.718120805,0.67114094,0.644295302,0.680089485,0.66442953,0.689038031,0.654654655,0.726726727,0.60960961,0.588588589,0.66966967,0.654654655,0.645645646,2
COVIBOOK___Central_Bikol-v12022.08.11T035702,368,51,1.648648649,5.214673913,7.215686275,2.163043478,20,0.54076087,2.163043478,1.828804348,1.644021739,0.989130435,0.4375,0.35326087,0.258152174,0.383152174,0.059782609,0.010869565,0.601425794,0.616331821,0.572909916,0.605962411,0.603370058,0.624756967,0.622812703,0.543515358,0.613481229,0.546075085,0.545221843,0.629692833,0.62116041,0.611774744,2
Cube_na_Ikos_Cone_na_Ikos___Central_Bikol-v12022.08.11T051439,206,58,1.108108108,5.024271845,3.551724138,2,7,0.631067961,2,1.616504854,1.529126214,0.883495146,0.422330097,0.291262136,0.296116505,0.422330097,0.101941748,0.014563107,0.447890819,0.439205955,0.408188586,0.467741935,0.450372208,0.456575682,0.46898263,0.325542571,0.512520868,0.332220367,0.41736227,0.505843072,0.484140234,0.489148581,2
Dai_Pagbagtingon_an_Kampana!___Central_Bikol-v12022.08.11T083246,431,52,1.617647059,5.245939675,8.288461538,2.183294664,24,0.575406032,2.183294664,1.839907193,1.633410673,0.986078886,0.473317865,0.343387471,0.287703016,0.408352668,0.090487239,0.002320186,0.580680571,0.596048299,0.556531284,0.586169045,0.590010977,0.596048299,0.593852909,0.521299639,0.60866426,0.487364621,0.532851986,0.592057762,0.597111913,0.584837545,2
Kan_Aldaw_na_Nag-uran_nin_mga_Sira___Central_Bikol-v12022.08.11T095613,346,31,1.64,5.078034682,11.16129032,2.101156069,13,0.560693642,2.101156069,1.786127168,1.552023121,0.933526012,0.450867052,0.355491329,0.242774566,0.413294798,0.052023121,0.00867052,0.602857143,0.615,0.576428571,0.607142857,0.603571429,0.61,0.617142857,0.55215311,0.645933014,0.515789474,0.539712919,0.645933014,0.624880383,0.603827751,2
Kaya_Asin_Dai_Kaya____Central_Bikol,81,26,1.875,4.728395062,3.115384615,2,0,0.456790123,2,1.567901235,1.49382716,0.962962963,0.456790123,0.358024691,0.222222222,0.320987654,0.074074074,0.012345679,0.74916388,0.762541806,0.725752508,0.72909699,0.74916388,0.732441472,0.739130435,0.697674419,0.790697674,0.68372093,0.697674419,0.758139535,0.730232558,0.720930233,2
Magigibo_man_Iyan_ni_Duma!___Central_Bikol-v12022.08.11T101435,311,46,1.571428571,4.84244373,6.760869565,2.080385852,15,0.405144695,2.080385852,1.726688103,1.511254019,0.861736334,0.308681672,0.218649518,0.173633441,0.282958199,0.045016077,0.003215434,0.578151261,0.565546218,0.541176471,0.581512605,0.573109244,0.576470588,0.586554622,0.508551881,0.61345496,0.469783352,0.540478905,0.610034208,0.624857469,0.620296465,2
Magtingag_Ka___Central_Bikol-v12022.08.11T102143,345,26,2.523809524,5.142028986,13.26923077,2.165217391,19,0.486956522,2.165217391,1.794202899,1.660869565,0.924637681,0.385507246,0.27826087,0.188405797,0.32173913,0.055072464,0.002898551,0.628070175,0.653333333,0.618245614,0.630175439,0.621052632,0.642807018,0.640701754,0.569972196,0.670991659,0.532900834,0.552363299,0.653382762,0.632993513,0.601482854,2
Maniwala_Ka_Saro_akong_Kuneho___Central_Bikol,371,46,1.625,5.080862534,8.065217391,2.115902965,12,0.442048518,2.115902965,1.876010782,1.539083558,0.964959569,0.339622642,0.283018868,0.199460916,0.301886792,0.056603774,0.008086253,0.603494624,0.620295699,0.586693548,0.586693548,0.604166667,0.605510753,0.605510753,0.554537122,0.669110907,0.526122823,0.545371219,0.593950504,0.578368469,0.566452796,2
May_Kapareho_Kaya_Ako____Bikol_Central-v12022.08.12T015411,203,31,1.294117647,4.866995074,6.548387097,2.078817734,8,0.463054187,2.078817734,1.674876847,1.522167488,0.827586207,0.359605911,0.246305419,0.172413793,0.270935961,0.044334975,0.004926108,0.563218391,0.574712644,0.554278416,0.586206897,0.555555556,0.587484036,0.586206897,0.477586207,0.643103448,0.484482759,0.594827586,0.646551724,0.663793103,0.65,2
Mga_Nawawara_asin_Mga_Nahahanap___Central_Bikol,177,26,1.5,4.367231638,6.807692308,1.881355932,2,0.316384181,1.881355932,1.661016949,1.293785311,0.779661017,0.276836158,0.225988701,0.101694915,0.18079096,0.011299435,0,0.744463373,0.744463373,0.696763203,0.681431005,0.688245315,0.706984668,0.715502555,0.676616915,0.723880597,0.616915423,0.544776119,0.646766169,0.654228856,0.594527363,2
Mr._Spout___Central_Bikol-v12022.08.12T020737,351,67,1.471698113,4.974358974,5.23880597,2.028490028,12,0.544159544,2.028490028,1.695156695,1.535612536,0.868945869,0.333333333,0.247863248,0.210826211,0.353276353,0.07977208,0.008547009,0.544931704,0.561466571,0.528396837,0.542774982,0.529834651,0.557872035,0.552839684,0.488439306,0.598265896,0.484585742,0.501926782,0.611753372,0.615606936,0.544315992,2
Nakakahiling_Akong_Malinaw___Central_Bikol-v12022.09.16T142620,168,33,1.380952381,4.613095238,5.090909091,1.970238095,1,0.369047619,1.970238095,1.696428571,1.494047619,0.904761905,0.327380952,0.291666667,0.107142857,0.18452381,0.035714286,0.005952381,0.795716639,0.736408567,0.792421746,0.747940692,0.71169687,0.777594728,0.752883031,0.785876993,0.758542141,0.719817768,0.71070615,0.726651481,0.767653759,0.697038724,2
Napapasain_an_mga_Naiisip_Ko____Central_Bikol-v12022.08.13T061054,288,32,1.4,5.21875,9,2.145833333,14,0.534722222,2.145833333,1.805555556,1.652777778,1.010416667,0.413194444,0.340277778,0.243055556,0.395833333,0.041666667,0.006944444,0.58291874,0.605306799,0.565505804,0.597014925,0.582089552,0.594527363,0.611940299,0.541073384,0.623220153,0.492880613,0.524644031,0.623220153,0.592552026,0.585980285,2
Ngiyaw!_Ngiyaw!___Central_Bikol-v12022.08.13T062610,570,57,2.107142857,5.270175439,10,2.128070175,21,0.594736842,2.128070175,1.859649123,1.615789474,0.987719298,0.421052632,0.31754386,0.307017544,0.463157895,0.084210526,0.022807018,0.591059603,0.590645695,0.586506623,0.59602649,0.595198675,0.601821192,0.610927152,0.5,0.539803708,0.467284624,0.483097056,0.556161396,0.570338059,0.532715376,2
Pag_Nag-uran___Central_Bikol-v12022.08.13T064530,244,47,1.333333333,5.118852459,5.191489362,2.069672131,6,0.540983607,2.069672131,1.704918033,1.655737705,0.922131148,0.418032787,0.31147541,0.221311475,0.327868852,0.06147541,0.012295082,0.589769308,0.590772317,0.575727182,0.590772317,0.564694082,0.586760281,0.61885657,0.53145917,0.65060241,0.52476573,0.579651941,0.634538153,0.653279786,0.637215529,2
Pàno_Kun...____Central_Bikol-v12022.08.09T060756,248,32,1.461538462,4.899193548,7.75,1.971774194,13,0.596774194,1.971774194,1.649193548,1.443548387,0.858870968,0.411290323,0.302419355,0.233870968,0.419354839,0.072580645,0.008064516,0.520504732,0.539432177,0.495268139,0.529968454,0.529968454,0.537329127,0.548895899,0.453505007,0.566523605,0.442060086,0.497854077,0.602288984,0.596566524,0.575107296,2
Rudi___Bikol_Central-v12022.08.09T053328,204,26,1.647058824,5.049019608,7.846153846,2.147058824,8,0.539215686,2.147058824,1.705882353,1.568627451,0.843137255,0.416666667,0.269607843,0.200980392,0.348039216,0.068627451,0.009803922,0.511515152,0.512727273,0.486060606,0.523636364,0.517575758,0.518787879,0.530909091,0.422829582,0.564308682,0.426045016,0.5,0.602893891,0.588424437,0.583601286,2
Sabi_ni_Inay___Central_Bikol,127,18,1.6,4.496062992,7.055555556,1.850393701,4,0.385826772,1.850393701,1.590551181,1.204724409,0.748031496,0.307086614,0.291338583,0.094488189,0.173228346,0,0,0.629370629,0.636363636,0.627039627,0.634032634,0.641025641,0.624708625,0.594405594,0.581881533,0.724738676,0.606271777,0.585365854,0.703832753,0.693379791,0.68641115,2
Sarawayon_na_Ido___Central_Bikol,170,29,1.178571429,4.717647059,5.862068966,2.064705882,6,0.376470588,2.064705882,1.764705882,1.382352941,0.805882353,0.347058824,0.323529412,0.123529412,0.282352941,0.023529412,0,0.720634921,0.704761905,0.706349206,0.680952381,0.684126984,0.706349206,0.69047619,0.688453159,0.716775599,0.65795207,0.623093682,0.65795207,0.660130719,0.65795207,2
Sarong_Marhay_na_Katuod___Central_Bikol-v12022.08.09T052723,386,42,1.625,5.274611399,9.19047619,2.152849741,24,0.564766839,2.152849741,1.85492228,1.683937824,1.031088083,0.430051813,0.336787565,0.261658031,0.39119171,0.082901554,0.002590674,0.631386861,0.628953771,0.607664234,0.641727494,0.631995134,0.642335766,0.644768856,0.571996818,0.665871122,0.560063644,0.598249801,0.676213206,0.684168656,0.654733492,2
Takot_Ako___Central_Bikol,260,33,1.6,4.534615385,7.878787879,2.023076923,11,0.35,2.023076923,1.653846154,1.326923077,0.746153846,0.292307692,0.219230769,0.130769231,0.25,0.023076923,0,0.66594124,0.676822633,0.646354733,0.644178455,0.637649619,0.669205658,0.668117519,0.606980273,0.646433991,0.569044006,0.523520486,0.610015175,0.614567527,0.556904401,2
Aldaw_saka_Banggi___Central_Bikol-v12022.08.26T020743,277,20,1.35,4.9566787,13.85,2.133574007,6,0.469314079,2.133574007,1.707581227,1.527075812,0.927797834,0.436823105,0.317689531,0.274368231,0.371841155,0.075812274,0.025270758,0.606422018,0.624770642,0.605504587,0.611009174,0.61559633,0.619266055,0.631192661,0.531365314,0.621156212,0.498154982,0.512915129,0.569495695,0.531365314,0.528905289,3
Ang_Apat_na_Pagpabakuna_kan_Aki_na_si_Rani___Central_Bikol-v12022.08.26T021851,530,41,1.810810811,4.494339623,12.92682927,1.99245283,10,0.358490566,1.99245283,1.690566038,1.303773585,0.739622642,0.309433962,0.213207547,0.118867925,0.205660377,0.018867925,0.001886792,0.684694429,0.686857761,0.670632774,0.684694429,0.682531098,0.694429421,0.685776095,0.619589977,0.675778284,0.584662111,0.583902809,0.640091116,0.633257403,0.616552771,3
Ang_Magbabarkda_sa_Kadlagan___Central_Bikol,437,52,1.325581395,4.919908467,8.403846154,2.098398169,15,0.409610984,2.098398169,1.864988558,1.558352403,0.979405034,0.33409611,0.28604119,0.167048055,0.288329519,0.025171625,0,0.75,0.752347418,0.738262911,0.736502347,0.723591549,0.741784038,0.730046948,0.707472178,0.723370429,0.688394277,0.657392687,0.686804452,0.720985692,0.686009539,3
Ang_Matatakoton_Na_Tren___Central_Bikol,643,43,1.882352941,4.622083981,14.95348837,2.032659409,20,0.32037325,2.032659409,1.730948678,1.418351477,0.839813375,0.253499222,0.203732504,0.125972006,0.220839813,0.027993779,0.00155521,0.665230504,0.663937958,0.660491168,0.669538992,0.671693236,0.668677294,0.655320982,0.622155689,0.647305389,0.559281437,0.543113772,0.580239521,0.585628743,0.559281437,3
Ang_Siyentista__Doktor_Firdausi_Qadri___Central_Bikol,487,27,1.952380952,5.273100616,18.03703704,2.166324435,30,0.583162218,2.166324435,1.858316222,1.583162218,0.942505133,0.474332649,0.36550308,0.221765914,0.406570842,0.065708419,0.004106776,0.60814743,0.614936954,0.603297769,0.602812803,0.613482056,0.613482056,0.616876819,0.542655548,0.617062219,0.515073765,0.520846697,0.598460552,0.599101988,0.525978191,3
Aninipot_Ano_an_Igwa_Ka____Central_Bikol,180,22,1.75,4.888888889,8.181818182,2.083333333,3,0.355555556,2.083333333,1.766666667,1.638888889,0.916666667,0.327777778,0.25,0.144444444,0.233333333,0.038888889,0.011111111,0.676300578,0.648843931,0.656069364,0.64017341,0.630057803,0.650289017,0.645953757,0.609126984,0.69047619,0.58531746,0.583333333,0.597222222,0.625,0.579365079,3
An_Agom_kan_Parauma___Central_Bikol,957,76,2.942307692,4.979101358,12.59210526,2.141065831,43,0.421107628,2.141065831,1.778474399,1.591431557,0.96969697,0.363636364,0.290491118,0.219435737,0.339602926,0.043887147,0.008359457,0.654350736,0.654886212,0.637751004,0.631860776,0.640160643,0.63935743,0.631860776,0.593495935,0.657058389,0.607908352,0.543976349,0.599778271,0.644124169,0.559866962,3
An_Aldaw_na_Nagpaeskwelahan_an_mga_Kagulayan.___Central_Bikol,12,1,0,5.25,12,2.166666667,1,0.583333333,2.166666667,1.666666667,1.666666667,0.833333333,0.5,0.25,0.25,0.5,0.083333333,0.083333333,0.470588235,0.470588235,0.470588235,0.431372549,0.392156863,0.431372549,0.509803922,0.358974359,0.435897436,0.358974359,0.358974359,0.358974359,0.358974359,0.358974359,3
An_Amid_asin_an_Sadit_na_Baka___Central_Bikol,502,50,2.461538462,5.037848606,10.04,2.11752988,8,0.360557769,2.11752988,1.886454183,1.549800797,0.944223108,0.3187251,0.278884462,0.195219124,0.270916335,0.015936255,0.007968127,0.660821643,0.647795591,0.652805611,0.667334669,0.641783567,0.662324649,0.648797595,0.56079235,0.609289617,0.508196721,0.514344262,0.566939891,0.553961749,0.537568306,3
An_Bagong_Pantalon_para_sa_Bagong_Taon___Central_Bikol,516,49,1.45,4.823643411,10.53061224,1.998062016,16,0.395348837,1.998062016,1.777131783,1.453488372,0.924418605,0.28875969,0.255813953,0.176356589,0.257751938,0.032945736,0.001937984,0.656154629,0.641912513,0.637843337,0.644964395,0.631230926,0.644964395,0.643438454,0.64083045,0.694117647,0.552941176,0.557093426,0.635294118,0.618685121,0.574394464,3
An_Enot_na_Aldaw_ni_Tata_sa_Eskwela___Central_Bikol,518,46,1.733333333,5.239382239,11.26086957,2.21042471,16,0.49034749,2.21042471,1.930501931,1.66023166,1.044401544,0.426640927,0.357142857,0.218146718,0.33976834,0.054054054,0.005791506,0.696412144,0.690892364,0.683532659,0.677552898,0.694112236,0.692272309,0.674333027,0.621406728,0.682568807,0.593883792,0.58470948,0.641590214,0.62324159,0.581039755,3
An_Higanteng_Bentilador___Central_Bikol-v12022.08.10T020404,503,44,2.448275862,4.900596421,11.43181818,1.986083499,14,0.469184891,1.986083499,1.697813121,1.548707753,0.948310139,0.383697813,0.31610338,0.198807157,0.30417495,0.047713718,0.001988072,0.568577277,0.576765609,0.550153531,0.579836233,0.569089048,0.580859775,0.592118731,0.528640442,0.600414079,0.485162181,0.471359558,0.61973775,0.547964113,0.543823326,3
An_Ikos_asin_Ayam_Nakakanuod_uro_Aldaw____Central_Bikol-v12022.08.25T072533,556,82,1.515625,4.85971223,6.780487805,2.102517986,8,0.401079137,2.102517986,1.723021583,1.606115108,0.940647482,0.363309353,0.253597122,0.18705036,0.287769784,0.053956835,0.001798561,0.701779026,0.69428839,0.681179775,0.688670412,0.690543071,0.700842697,0.687265918,0.642766497,0.717639594,0.608502538,0.550761421,0.615482234,0.616116751,0.584390863,3
An_Inot_na_Katuod_ni_Iko___Central_Bikol-v12022.07.13T023307,841,83,1.9,4.844233056,10.13253012,2.116527943,33,0.447086801,2.116527943,1.752675386,1.506539834,0.850178359,0.356718193,0.262782402,0.198573127,0.328180737,0.058263971,0.007134364,0.599441514,0.615885821,0.589823146,0.608439342,0.590753956,0.614334471,0.61960906,0.526736842,0.647578947,0.503157895,0.533894737,0.584842105,0.583578947,0.571368421,3
An_Kuneho_asin_an_Baoo_(Na_naman!)___Central_Bikol,489,31,1.714285714,4.842535787,15.77419355,2.124744376,13,0.349693252,2.124744376,1.795501022,1.537832311,0.940695297,0.325153374,0.259713701,0.137014315,0.233128834,0.044989775,0,0.69379015,0.706638116,0.67987152,0.697002141,0.692184154,0.710385439,0.707708779,0.64254386,0.703216374,0.619883041,0.615497076,0.644005848,0.653508772,0.641812865,3
An_Madunong_na_Kuneho___Central_Bikol,452,52,1.255319149,5.044247788,8.692307692,2.14159292,11,0.396017699,2.14159292,1.862831858,1.623893805,0.96460177,0.331858407,0.280973451,0.154867257,0.247787611,0.050884956,0.002212389,0.665934066,0.703296703,0.661538462,0.671428571,0.685164835,0.677472527,0.687912088,0.659558824,0.689705882,0.622794118,0.617647059,0.627205882,0.613235294,0.584558824,3
An_Makangangalas_na_Eksperimento_ni_Anna___Central_Bikol,713,84,1.37254902,5.058906031,8.488095238,2.115007013,30,0.497896213,2.115007013,1.800841515,1.500701262,0.897615708,0.436185133,0.307152875,0.179523142,0.345021038,0.058906031,0.011220196,0.604561404,0.614035088,0.602105263,0.610877193,0.62877193,0.630877193,0.620350877,0.519313305,0.637577492,0.50977587,0.534096328,0.596089652,0.589413448,0.536957558,3
An_Mensahe_sa_Basud___Central_Bikol,439,50,1.285714286,4.997722096,8.78,2.123006834,11,0.400911162,2.123006834,1.751708428,1.592255125,0.89977221,0.339407745,0.271070615,0.173120729,0.261958998,0.043280182,0.011389522,0.639211137,0.637470998,0.610208817,0.622389791,0.638051044,0.639791183,0.62412993,0.588281869,0.697545527,0.561361837,0.523357086,0.636579572,0.640538401,0.581155978,3
An_Mga_Ulod_sa_Naglalayog_na_Gapo___Central_Bikol-v12022.05.13T024855,954,84,1.5,4.820754717,11.35714286,2.028301887,38,0.522012579,2.028301887,1.676100629,1.473794549,0.84067086,0.397274633,0.296645702,0.199161426,0.373165618,0.053459119,0.004192872,0.595198675,0.601269316,0.587196468,0.601821192,0.587196468,0.601545254,0.595750552,0.529566855,0.636158192,0.517514124,0.562335217,0.575517891,0.607909605,0.5826742,3
An_Misteryosong_Kawatan___Central_Bikol,640,83,1.75,4.8203125,7.710843373,2.03125,20,0.4109375,2.03125,1.80625,1.475,0.9296875,0.353125,0.30625,0.1796875,0.275,0.0328125,0.0046875,0.687758478,0.671629446,0.665012407,0.662117452,0.677419355,0.682795699,0.67369727,0.607081668,0.645916619,0.588806396,0.551113649,0.593375214,0.605368361,0.563106796,3
An_Motor_ni_Didi___Central_Bikol,266,23,1.875,4.984962406,11.56521739,2.116541353,9,0.372180451,2.116541353,1.872180451,1.556390977,0.92481203,0.334586466,0.304511278,0.154135338,0.236842105,0.022556391,0.007518797,0.68,0.648571429,0.641904762,0.640952381,0.647619048,0.667619048,0.653333333,0.621447028,0.665374677,0.57881137,0.559431525,0.609819121,0.61627907,0.593023256,3
An_Paghalat_ni_Islaw_sa_Bulalakaw___Central_Bikol-v12022.05.13T025228,861,79,1.733333333,5.044134727,10.89873418,2.06155633,32,0.586527294,2.06155633,1.721254355,1.519163763,0.909407666,0.441347271,0.321718931,0.264808362,0.409988386,0.084785134,0.005807201,0.576090095,0.569159688,0.552411204,0.580710367,0.569448455,0.575223794,0.596303783,0.510621862,0.596369255,0.48010815,0.516801854,0.555040556,0.57628428,0.56817304,3
An_Referee__Zaya_Chakma___Central_Bikol,500,30,1.571428571,5.362,16.66666667,2.26,25,0.496,2.26,1.924,1.718,1.028,0.446,0.336,0.234,0.306,0.076,0.01,0.657527881,0.653810409,0.6366171,0.644052045,0.655669145,0.657992565,0.657063197,0.587837838,0.638820639,0.550982801,0.527027027,0.603808354,0.57985258,0.560810811,3
An_Sadit_na_Rhino_Asin_an_Halangkawon_na_Bisikleta___Central_Bikol,337,33,1.6,4.955489614,10.21212121,2.083086053,9,0.394658754,2.083086053,1.771513353,1.56379822,0.913946588,0.3115727,0.24925816,0.210682493,0.287833828,0.008902077,0.002967359,0.6317388,0.621867882,0.608959757,0.619589977,0.628701595,0.640091116,0.630979499,0.547717842,0.643153527,0.497925311,0.484439834,0.56120332,0.563278008,0.53526971,3
An_Takot_ni_Koneyo___Central_Bikol,307,32,1.481481481,5.06514658,9.59375,2.087947883,7,0.390879479,2.087947883,1.882736156,1.560260586,0.954397394,0.361563518,0.296416938,0.188925081,0.247557003,0.061889251,0.019543974,0.69812856,0.703824247,0.686737185,0.687550854,0.703824247,0.702196908,0.696501221,0.642699115,0.689159292,0.576327434,0.594026549,0.626106195,0.646017699,0.613938053,3
Ate__Ate_Tano_Dae_Nahuhulog_an_mga_Bagay_Paitaas____Central_Bikol,1186,91,2.97826087,4.496627319,13.03296703,1.971332209,17,0.28920742,1.971332209,1.698988196,1.376053963,0.78920742,0.230185497,0.203204047,0.091905565,0.18549747,0.02529511,0.004215852,0.673193135,0.669325598,0.65603094,0.66062364,0.665699782,0.673918298,0.661107082,0.622667119,0.652867323,0.583305056,0.559552087,0.620291822,0.637597557,0.591448931,3
Emma___Central_Bikol-v12022.08.11T084550,481,45,1.933333333,5.178794179,10.68888889,2.16008316,23,0.586278586,2.16008316,1.821205821,1.607068607,0.945945946,0.478170478,0.32016632,0.239085239,0.436590437,0.079002079,0.002079002,0.588264794,0.588766299,0.560180542,0.587261785,0.599799398,0.60330993,0.600300903,0.496010638,0.589760638,0.490026596,0.506648936,0.605053191,0.60106383,0.569148936,3
Gurano_Kagabat_an_Magabat____Central_Bikol-v12022.08.11T090318,1029,101,2.363636364,4.501457726,10.18811881,1.89212828,22,0.362487852,1.89212828,1.593780369,1.444120505,0.848396501,0.267249757,0.206025267,0.13313897,0.228377065,0.043731778,0.002915452,0.662952646,0.675208914,0.643175487,0.666016713,0.66183844,0.673816156,0.662952646,0.581839439,0.67147311,0.573655495,0.556118472,0.609119252,0.622369447,0.603663289,3
Harong_Ko_Ba_Ini____Central_Bikol,714,101,1.402597403,4.789915966,7.069306931,2.029411765,13,0.368347339,2.029411765,1.754901961,1.494397759,0.858543417,0.323529412,0.294117647,0.1232493,0.19047619,0.025210084,0.005602241,0.698772778,0.734101897,0.710301227,0.70026032,0.703607289,0.737448866,0.701375976,0.640632976,0.747320061,0.60387953,0.570699336,0.66360388,0.634507402,0.603369066,3
Kan_Magturaok_si_Inok___Central_Bikol-v12022.05.13T000407,785,78,1.71875,5.165605096,10.06410256,2.245859873,52,0.52611465,2.245859873,1.811464968,1.573248408,0.904458599,0.415286624,0.308280255,0.228025478,0.402547771,0.059872611,0.005095541,0.54691358,0.55,0.52808642,0.557407407,0.546604938,0.55462963,0.559876543,0.477599671,0.557336621,0.451705713,0.490341143,0.535552815,0.543362104,0.531031648,3
Kilingling___Central_Bikol-v12022.05.17T103928,910,96,1.444444444,5.225274725,9.479166667,2.125274725,34,0.627472527,2.125274725,1.810989011,1.597802198,0.991208791,0.513186813,0.410989011,0.28021978,0.43956044,0.108791209,0.005494505,0.607114831,0.601883338,0.596128695,0.612869474,0.606591682,0.613915773,0.614177348,0.519502934,0.623748706,0.51846738,0.544356231,0.576458405,0.583707283,0.575768036,3
Kurakog_Kataning_sa_Pagturog___Central_Bikol-v12022.05.13T024430,816,96,1.402298851,5.178921569,8.5,2.151960784,44,0.557598039,2.151960784,1.799019608,1.665441176,0.949754902,0.43872549,0.31004902,0.235294118,0.408088235,0.075980392,0.004901961,0.579769979,0.592745503,0.559716898,0.593630198,0.593925096,0.586552639,0.607490416,0.527896996,0.612173234,0.529457667,0.559890753,0.590323839,0.597737027,0.583690987,3
Mamuhay_na_may_Pagkasararo___Central_Bikol,437,37,1.78125,5.313501144,11.81081081,2.187643021,22,0.519450801,2.187643021,1.844393593,1.675057208,0.942791762,0.446224256,0.366132723,0.19221968,0.336384439,0.075514874,0.013729977,0.648970748,0.667388949,0.645720477,0.644637053,0.644095341,0.657638137,0.657096425,0.61459854,0.700729927,0.568613139,0.567153285,0.659854015,0.645985401,0.615328467,3
Matinabang_na_Gamgam___Central_Bikol-v12022.08.11T103641,490,35,1.606060606,4.991836735,14,2.036734694,17,0.520408163,2.036734694,1.771428571,1.565306122,0.953061224,0.373469388,0.310204082,0.226530612,0.367346939,0.042857143,0.002040816,0.690488432,0.697172237,0.678663239,0.688431877,0.675578406,0.672493573,0.686375321,0.648965517,0.717241379,0.628275862,0.646896552,0.717241379,0.7,0.668965517,3
Nagsabay_sa_Bulos_An_Ikus_Asin_Ayam___Central_Bikol,570,104,1.166666667,5.228070175,5.480769231,2.245614035,27,0.363157895,2.245614035,1.910526316,1.777192982,1.040350877,0.329824561,0.284210526,0.164912281,0.247368421,0.035087719,0.003508772,0.680317593,0.721688257,0.686585875,0.664020059,0.671959883,0.700376097,0.693272043,0.668881506,0.738095238,0.640088594,0.601882614,0.648947951,0.657253599,0.607973422,3
Nagtabsong_si_Tiny___Central_Bikol-v12022.08.12T021739,479,48,1.676470588,4.891440501,9.979166667,2.006263048,17,0.557411273,2.006263048,1.684759916,1.480167015,0.862212944,0.411273486,0.306889353,0.215031315,0.375782881,0.079331942,0.004175365,0.636853448,0.655711207,0.618534483,0.636314655,0.636314655,0.641163793,0.654633621,0.587035688,0.678805535,0.538965768,0.544064093,0.64603059,0.630735615,0.58776402,3
Nagtinir_si_Thu_Ta_sa_Harong___Central_Bikol,467,42,1.179487179,4.443254818,11.11904762,1.967880086,14,0.364025696,1.967880086,1.721627409,1.231263383,0.755888651,0.263383298,0.220556745,0.092077088,0.237687366,0.023554604,0.004282655,0.70555209,0.696194635,0.694946974,0.718652527,0.707423581,0.714285714,0.693699314,0.646330681,0.736516357,0.628647215,0.57117595,0.677276746,0.664014147,0.590627763,3
Nakangirit_Ngunyan_si_Phoe_Tar_Lay___Central_Bikol-v12022.08.12T031715,748,69,1.483333333,4.647058824,10.84057971,1.918449198,28,0.54144385,1.918449198,1.624331551,1.296791444,0.820855615,0.378342246,0.294117647,0.211229947,0.414438503,0.068181818,0.002673797,0.59536935,0.607129732,0.599779493,0.606394708,0.607497244,0.617052554,0.616685042,0.541856925,0.6463724,0.515981735,0.535768645,0.599188229,0.624556063,0.579908676,3
Paduman_sa_Isla_Para_sa_Pagturuparan___Central_Bikol,597,59,1.450980392,5.008375209,10.11864407,2.231155779,33,0.396984925,2.231155779,1.882747069,1.522613065,0.921273032,0.335008375,0.266331658,0.150753769,0.313232831,0.035175879,0.001675042,0.687841817,0.696676483,0.663020614,0.676062263,0.677324358,0.687841817,0.67690366,0.654195011,0.659863946,0.608843537,0.548185941,0.62585034,0.650793651,0.612811791,3
Pamaba___Central_Bikol-v12022.05.13T030426,946,110,2.506024096,4.741014799,8.6,2.002114165,28,0.461945032,2.002114165,1.71564482,1.4397463,0.869978858,0.355179704,0.265327696,0.209302326,0.334038055,0.0602537,0.00422833,0.604684376,0.609254499,0.577263639,0.612682091,0.609540131,0.611825193,0.606112539,0.529227148,0.611220086,0.528834837,0.535504119,0.583366026,0.583758337,0.582581404,3
Pano_Nakakalupad_an_mga_Eroplano____Central_Bikol,959,79,1.758064516,5.299270073,12.13924051,2.192909281,41,0.497393118,2.192909281,1.88008342,1.700729927,1.056308655,0.423357664,0.358706986,0.252346194,0.392075078,0.047966632,0.01459854,0.639032815,0.682457439,0.659511473,0.644707624,0.659264742,0.661978781,0.65556378,0.635794331,0.655899802,0.595583388,0.602834542,0.656558998,0.639749506,0.619644034,3
Pàno_Kun____Central_Bikol-v12021.04.26T083928,211,24,3,4.6492891,8.791666667,1.985781991,4,0.379146919,1.985781991,1.701421801,1.426540284,0.81042654,0.28436019,0.236966825,0.156398104,0.289099526,0,0,0.668874172,0.690066225,0.660927152,0.656953642,0.663576159,0.663576159,0.676821192,0.638218924,0.604823748,0.539888683,0.508348794,0.573283859,0.562152134,0.539888683,3
Satya_Maglikay!___Central_Bikol,506,69,1.840909091,4.792490119,7.333333333,2.071146245,20,0.345849802,2.071146245,1.851778656,1.494071146,0.950592885,0.282608696,0.235177866,0.132411067,0.252964427,0.035573123,0,0.74151436,0.74151436,0.721671018,0.721148825,0.73002611,0.734725849,0.717493473,0.689900427,0.696301565,0.642958748,0.592460882,0.653627312,0.669274538,0.635846373,3
Sisay_Ang_Samong_Amigo____Central_Bikol,114,21,1.133333333,4.614035088,5.428571429,1.956140351,1,0.429824561,1.956140351,1.692982456,1.394736842,0.771929825,0.359649123,0.280701754,0.061403509,0.140350877,0.00877193,0,0.769417476,0.730582524,0.759708738,0.725728155,0.730582524,0.740291262,0.745145631,0.697986577,0.72147651,0.684563758,0.651006711,0.748322148,0.714765101,0.661073826,3
Si_Carla_saka_an_Nawawarang_Kuting___Central_Bikol,243,40,1.34375,4.58436214,6.075,1.930041152,1,0.366255144,1.930041152,1.70781893,1.407407407,0.818930041,0.325102881,0.300411523,0.069958848,0.193415638,0.012345679,0.004115226,0.693379791,0.68757259,0.641114983,0.672473868,0.677119628,0.68641115,0.693379791,0.628289474,0.625,0.554276316,0.513157895,0.557565789,0.572368421,0.621710526,3
Si_Daisy_na_Makangangalas___Central_Bikol-v12022.08.26T021723,350,46,1.862068966,5.068571429,7.608695652,2.145714286,11,0.494285714,2.145714286,1.808571429,1.6,0.908571429,0.437142857,0.308571429,0.22,0.3,0.028571429,0.002857143,0.723120169,0.716092762,0.71398454,0.700632467,0.701335207,0.711876318,0.698524245,0.649253731,0.707089552,0.59141791,0.58488806,0.65391791,0.64738806,0.575559701,3
Si_Danny_saka_Si_Carlo___Central_Bikol,443,60,1.441860465,4.810383747,7.383333333,1.979683973,9,0.467268623,1.979683973,1.769751693,1.426636569,0.878103837,0.404063205,0.367945824,0.121896163,0.297968397,0.033860045,0.004514673,0.653983353,0.664684899,0.64803805,0.636147444,0.645659929,0.64863258,0.655766944,0.586374696,0.669099757,0.576642336,0.541768045,0.593673966,0.618004866,0.579886456,3
Si_Ikos_asin_Si_Ido_asin_an_saindang_pintang_Hablon_Dawani___Central_Bikol,660,77,1.9,4.445454545,8.571428571,1.931818182,9,0.365151515,1.931818182,1.595454545,1.381818182,0.856060606,0.321212121,0.254545455,0.159090909,0.28030303,0.056060606,0.003030303,0.668725187,0.665637406,0.651962947,0.660785179,0.659902955,0.676224085,0.672695192,0.671428571,0.739751553,0.640372671,0.614285714,0.667701863,0.681987578,0.625465839,3
Si_Ikos_saka_Ayam_nagkawat_nin_Soccer___Central_Bikol,536,163,1.360655738,4.755597015,3.288343558,2.078358209,15,0.328358209,2.078358209,1.753731343,1.544776119,0.947761194,0.287313433,0.242537313,0.164179104,0.233208955,0.042910448,0.007462687,0.708354177,0.712356178,0.68184092,0.699849925,0.703851926,0.708354177,0.708854427,0.648033126,0.695652174,0.57694962,0.537612146,0.63216011,0.622498275,0.580400276,3
Si_Labsay_kan_Dakulang_Bukid___Central_Bikol-v12022.05.13T025635,1091,115,1.53,4.945004583,9.486956522,2.082493126,40,0.458295142,2.082493126,1.786434464,1.572868928,0.919340055,0.372135655,0.286892759,0.209899175,0.32172319,0.059578368,0.003666361,0.614359214,0.619036483,0.59354537,0.605940131,0.600561272,0.607343312,0.615996258,0.56289507,0.627054362,0.54551201,0.535714286,0.590707965,0.599557522,0.566687737,3
Si_Mimay_asin_an_Saiyang_Lalong___Central_Bikol,526,89,1.470588235,4.690114068,5.91011236,1.998098859,9,0.366920152,1.998098859,1.714828897,1.431558935,0.826996198,0.317490494,0.266159696,0.119771863,0.22243346,0.034220532,0.003802281,0.695020747,0.671680498,0.665456432,0.690871369,0.695020747,0.678423237,0.661307054,0.658027358,0.687544996,0.614110871,0.54787617,0.624190065,0.624910007,0.595392369,3
Talsot_na_Ikos_si_Moli___Central_Bikol-v12022.08.25T040349,522,48,1.422222222,4.651340996,10.875,2.026819923,16,0.32183908,2.026819923,1.795019157,1.444444444,0.885057471,0.281609195,0.237547893,0.141762452,0.208812261,0.019157088,0,0.717975751,0.700052715,0.698998419,0.694254085,0.689509752,0.719030047,0.685292567,0.64568082,0.656661786,0.611273792,0.565885798,0.610541728,0.63250366,0.586383602,3
The_Factory_Worker___Central_Bikol,436,34,1.8,5.004587156,12.82352941,2.105504587,14,0.513761468,2.105504587,1.848623853,1.509174312,0.935779817,0.401376147,0.314220183,0.220183486,0.415137615,0.05733945,0,0.676250719,0.698102358,0.666474986,0.667625072,0.660149511,0.689476711,0.68200115,0.611837048,0.654880861,0.592621061,0.548039969,0.590315142,0.635664873,0.568024596,3
Tugang_na_Kulang_an_Ngipon___Central_Bikol,527,59,1.326923077,4.967741935,8.93220339,2.10056926,16,0.423149905,2.10056926,1.821631879,1.567362429,0.937381404,0.35483871,0.292220114,0.159392789,0.246679317,0.026565465,0.003795066,0.691826923,0.677884615,0.666346154,0.691826923,0.689903846,0.690384615,0.680288462,0.634304207,0.710679612,0.610355987,0.611003236,0.67961165,0.682847896,0.625889968,3
Tulod_Tulod_Dali_Dali___Central_Bikol-v12022.08.25T060922,296,59,1.5,4.429054054,5.016949153,1.841216216,0,0.469594595,1.841216216,1.527027027,1.260135135,0.824324324,0.425675676,0.317567568,0.243243243,0.331081081,0.060810811,0,0.702169625,0.685404339,0.652859961,0.707100592,0.702169625,0.669625247,0.672583826,0.670850767,0.723849372,0.574616457,0.562064156,0.669456067,0.59693166,0.580195258,3
